id,title
1500,Grosse Pointe Blank (1997)
367,"Mask, The (1994)"
84152,Limitless (2011)
3717,Gone in 60 Seconds (2000)
3238,Eye of the Beholder (1999)
5419,Scooby-Doo (2002)
5313,The Scorpion King (2002)
87413,Bernie (1996)
2640,Superman (1978)
237,Forget Paris (1995)
648,Mission: Impossible (1996)
786,Eraser (1996)
80363,Resident Evil: Afterlife (2010)
52604,Fracture (2007)
1043,To Gillian on Her 37th Birthday (1996)
3675,White Christmas (1954)
8827,"Bill Cosby, Himself (1983)"
2046,Flight of the Navigator (1986)
5944,Star Trek: Nemesis (2002)
81845,"King's Speech, The (2010)"
3801,Anatomy of a Murder (1959)
4239,Blow (2001)
107406,Snowpiercer (2013)
728,Cold Comfort Farm (1995)
2091,Return from Witch Mountain (1978)
1676,Starship Troopers (1997)
92509,"Vow, The (2012)"
5527,Possession (2002)
2282,Pecker (1998)
117590,Horrible Bosses 2 (2014)
3468,"Hustler, The (1961)"
2353,Enemy of the State (1998)
235,Ed Wood (1994)
1077,Sleeper (1973)
8638,Before Sunset (2004)
1214,Alien (1979)
3257,"Bodyguard, The (1992)"
1459,Absolute Power (1997)
117,"Young Poisoner's Handbook, The (1995)"
4865,From Hell (2001)
1562,Batman & Robin (1997)
5051,Italian for Beginners (Italiensk for begyndere) (2000)
474,In the Line of Fire (1993)
4069,"Wedding Planner, The (2001)"
90746,"Adventures of Tintin, The (2011)"
4144,In the Mood For Love (Fa yeung nin wa) (2000)
1729,Jackie Brown (1997)
1025,"Sword in the Stone, The (1963)"
294,"Perez Family, The (1995)"
1468,Booty Call (1997)
3719,Love's Labour's Lost (2000)
224,Don Juan DeMarco (1995)
3029,Nighthawks (1981)
4816,Zoolander (2001)
1258,"Shining, The (1980)"
3471,Close Encounters of the Third Kind (1977)
248,Houseguest (1994)
1292,Being There (1979)
90430,Carnage (2011)
4537,Running on Empty (1988)
56286,I'm Not There (2007)
1994,Poltergeist (1982)
3157,Stuart Little (1999)
1889,Insomnia (1997)
2581,Never Been Kissed (1999)
70946,Troll 2 (1990)
332,Village of the Damned (1995)
56757,Sweeney Todd: The Demon Barber of Fleet Street (2007)
2628,Star Wars: Episode I - The Phantom Menace (1999)
84944,Rango (2011)
4448,"Score, The (2001)"
2393,Star Trek: Insurrection (1998)
617,"Flower of My Secret, The (La flor de mi secreto) (1995)"
466,Hot Shots! Part Deux (1993)
2399,Santa Claus: The Movie (1985)
1224,Henry V (1989)
1244,Manhattan (1979)
2718,Drop Dead Gorgeous (1999)
667,Bloodsport 2 (a.k.a. Bloodsport II: The Next Kumite) (1996)
4133,Masters of the Universe (1987)
94266,"Five-Year Engagement, The (2012)"
1248,Touch of Evil (1958)
43904,When a Stranger Calls (2006)
546,Super Mario Bros. (1993)
2103,Tall Tale (1995)
339,While You Were Sleeping (1995)
102,Mr. Wrong (1996)
1172,Cinema Paradiso (Nuovo cinema Paradiso) (1989)
2433,"Civil Action, A (1998)"
3450,Grumpy Old Men (1993)
996,Last Man Standing (1996)
4361,Tootsie (1982)
4367,Lara Croft: Tomb Raider (2001)
4823,Serendipity (2001)
86880,Pirates of the Caribbean: On Stranger Tides (2011)
3198,Papillon (1973)
4441,Game of Death (1978)
5970,My Girl (1991)
3270,"Cutting Edge, The (1992)"
80906,Inside Job (2010)
181,Mighty Morphin Power Rangers: The Movie (1995)
5107,Hart's War (2002)
4232,Spy Kids (2001)
111,Taxi Driver (1976)
89904,The Artist (2011)
4022,Cast Away (2000)
3203,Dead Calm (1989)
4131,Making Mr. Right (1987)
5081,Birthday Girl (2001)
91500,The Hunger Games (2012)
5220,Showtime (2002)
1234,"Sting, The (1973)"
748,"Arrival, The (1996)"
1079,"Fish Called Wanda, A (1988)"
901,Funny Face (1957)
928,Rebecca (1940)
4132,Mannequin (1987)
1202,Withnail & I (1987)
2747,"Little Shop of Horrors, The (1960)"
379,Timecop (1994)
3981,Red Planet (2000)
86504,Voices from the List (2004)
216,Billy Madison (1995)
3633,On Her Majesty's Secret Service (1969)
3287,"Tigger Movie, The (2000)"
4917,MacArthur (1977)
99007,Warm Bodies (2013)
971,Cat on a Hot Tin Roof (1958)
2089,"Rescuers Down Under, The (1990)"
3210,Fast Times at Ridgemont High (1982)
4852,Bones (2001)
1810,Primary Colors (1998)
1219,Psycho (1960)
31696,Constantine (2005)
2599,Election (1999)
48304,Apocalypto (2006)
3910,Dancer in the Dark (2000)
1373,Star Trek V: The Final Frontier (1989)
362,"Jungle Book, The (1994)"
4248,Josie and the Pussycats (2001)
742,Thinner (1996)
1987,Prom Night (1980)
942,Laura (1944)
114713,Annabelle (2014)
4310,Pearl Harbor (2001)
437,Cops and Robbersons (1994)
551,"Nightmare Before Christmas, The (1993)"
85414,Source Code (2011)
3973,Book of Shadows: Blair Witch 2 (2000)
424,Blue Chips (1994)
49649,Eragon (2006)
2467,"Name of the Rose, The (Name der Rose, Der) (1986)"
3943,Bamboozled (2000)
2971,All That Jazz (1979)
4223,Enemy at the Gates (2001)
2566,Doug's 1st Movie (1999)
2370,"Emerald Forest, The (1985)"
270,Love Affair (1994)
5992,"Hours, The (2002)"
6264,"Core, The (2003)"
1023,Winnie the Pooh and the Blustery Day (1968)
3253,Wayne's World (1992)
1662,Gang Related (1997)
685,It's My Party (1996)
3573,Carnosaur 2 (1995)
3106,Come See the Paradise (1990)
1407,Scream (1996)
1028,Mary Poppins (1964)
55721,Elite Squad (Tropa de Elite) (2007)
7153,"Lord of the Rings: The Return of the King, The (2003)"
80862,Catfish (2010)
53519,Death Proof (2007)
1191,Madonna: Truth or Dare (1991)
185,"Net, The (1995)"
904,Rear Window (1954)
130490,Insurgent (2015)
93980,"Three Stooges, The (2012)"
6618,Shaolin Soccer (Siu lam juk kau) (2001)
3196,Stalag 17 (1953)
1037,"Lawnmower Man, The (1992)"
2857,Yellow Submarine (1968)
4901,Spy Game (2001)
1917,Armageddon (1998)
3819,Tampopo (1985)
1517,Austin Powers: International Man of Mystery (1997)
1779,Sphere (1998)
784,"Cable Guy, The (1996)"
1130,"Howling, The (1980)"
1339,Dracula (Bram Stoker's Dracula) (1992)
1959,Out of Africa (1985)
86345,Louis C.K.: Hilarious (2010)
117533,Citizenfour (2014)
4703,Chocolat (1988)
2596,SLC Punk! (1998)
1300,My Life as a Dog (Mitt liv som hund) (1985)
38164,"All This, and Heaven Too (1940)"
2381,Police Academy 4: Citizens on Patrol (1987)
6387,Once a Thief (Zong heng si hai) (1991)
2083,"Muppet Christmas Carol, The (1992)"
3334,Key Largo (1948)
207,"Walk in the Clouds, A (1995)"
3148,"Cider House Rules, The (1999)"
1240,"Terminator, The (1984)"
3426,Jungle Fever (1991)
1256,Duck Soup (1933)
1968,"Breakfast Club, The (1985)"
164,Devil in a Blue Dress (1995)
6378,"Italian Job, The (2003)"
4995,"Beautiful Mind, A (2001)"
2858,American Beauty (1999)
2329,American History X (1998)
45880,Marie Antoinette (2006)
5608,"Das Experiment (Experiment, The) (2001)"
5995,"Pianist, The (2002)"
475,In the Name of the Father (1993)
4321,City Slickers (1991)
3155,Anna and the King (1999)
81564,Megamind (2010)
129354,Focus (2015)
725,"Great White Hype, The (1996)"
96606,Samsara (2011)
1862,Species II (1998)
259,Kiss of Death (1995)
799,"Frighteners, The (1996)"
103772,"Wolverine, The (2013)"
86332,Thor (2011)
1604,Money Talks (1997)
196,Species (1995)
110730,Transcendence (2014)
229,Death and the Maiden (1994)
3545,Cabaret (1972)
1582,Wild America (1997)
3785,Scary Movie (2000)
3788,Blow-Up (Blowup) (1966)
300,Quiz Show (1994)
619,Ed (1996)
908,North by Northwest (1959)
1588,George of the Jungle (1997)
89745,"Avengers, The (2012)"
83601,Amer (2009)
1091,Weekend at Bernie's (1989)
1371,Star Trek: The Motion Picture (1979)
100714,Before Midnight (2013)
79224,"Karate Kid, The (2010)"
44889,Reefer Madness: The Movie Musical (2005)
180,Mallrats (1995)
1949,"Man for All Seasons, A (1966)"
2081,"Little Mermaid, The (1989)"
7305,Black Widow (1987)
3179,Angela's Ashes (1999)
55363,"Assassination of Jesse James by the Coward Robert Ford, The (2007)"
4190,Elmer Gantry (1960)
89039,Another Earth (2011)
3097,"Shop Around the Corner, The (1940)"
514,"Ref, The (1994)"
103543,"Lifeguard, The (2013)"
5843,Toy Soldiers (1991)
5380,"Importance of Being Earnest, The (2002)"
3453,Here on Earth (2000)
2623,Trippin' (1999)
378,Speechless (1994)
611,Hellraiser: Bloodline (1996)
120130,Into the Forest of Fireflies' Light (2011)
49130,"Good Year, A (2006)"
4308,Moulin Rouge (2001)
47610,"Illusionist, The (2006)"
1304,Butch Cassidy and the Sundance Kid (1969)
3766,Missing in Action (1984)
1629,"MatchMaker, The (1997)"
2288,"Thing, The (1982)"
2683,Austin Powers: The Spy Who Shagged Me (1999)
123,Chungking Express (Chung Hing sam lam) (1994)
3298,Boiler Room (2000)
7934,Zelig (1983)
27731,"Cat Returns, The (Neko no ongaeshi) (2002)"
86911,"Hangover Part II, The (2011)"
2580,Go (1999)
1378,Young Guns (1988)
1681,Mortal Kombat: Annihilation (1997)
711,Flipper (1996)
205,Unstrung Heroes (1995)
2253,Toys (1992)
1483,Crash (1996)
6932,Shattered Glass (2003)
1231,"Right Stuff, The (1983)"
4467,"Adventures of Baron Munchausen, The (1988)"
3197,"Presidio, The (1988)"
830,"First Wives Club, The (1996)"
3969,Pay It Forward (2000)
1998,Exorcist II: The Heretic (1977)
4963,Ocean's Eleven (2001)
1624,"Thousand Acres, A (1997)"
4545,Short Circuit (1986)
106916,American Hustle (2013)
1297,Real Genius (1985)
5039,Dragonslayer (1981)
153,Batman Forever (1995)
34162,Wedding Crashers (2005)
3929,"Bank Dick, The (1940)"
33145,"Lot Like Love, A (2005)"
3252,Scent of a Woman (1992)
430,Calendar Girl (1993)
3952,"Contender, The (2000)"
55765,American Gangster (2007)
3083,All About My Mother (Todo sobre mi madre) (1999)
371,"Paper, The (1994)"
3911,Best in Show (2000)
3783,Croupier (1998)
1772,Blues Brothers 2000 (1998)
4802,Operation Petticoat (1959)
3977,Charlie's Angels (2000)
6287,Anger Management (2003)
3686,Flatliners (1990)
1273,Down by Law (1986)
4210,Manhunter (1986)
108932,The Lego Movie (2014)
2059,"Parent Trap, The (1998)"
56949,27 Dresses (2008)
104879,Prisoners (2013)
104211,We're the Millers (2013)
1552,Con Air (1997)
85334,Hard Ticket to Hawaii (1987)
2366,King Kong (1933)
1266,Unforgiven (1992)
848,"Spitfire Grill, The (1996)"
4148,Hannibal (2001)
154,Beauty of the Day (Belle de jour) (1967)
7236,"Boy and His Dog, A (1975)"
5791,Frida (2002)
4993,"Lord of the Rings: The Fellowship of the Ring, The (2001)"
2906,Random Hearts (1999)
2532,Conquest of the Planet of the Apes (1972)
78316,Letters to Juliet (2010)
118696,The Hobbit: The Battle of the Five Armies (2014)
41569,King Kong (2005)
102007,"Invincible Iron Man, The (2007)"
587,Ghost (1990)
2497,Message in a Bottle (1999)
2085,101 Dalmatians (One Hundred and One Dalmatians) (1961)
1924,Plan 9 from Outer Space (1959)
8128,Au revoir les enfants (1987)
93363,John Carter (2012)
2269,Indecent Proposal (1993)
935,"Band Wagon, The (1953)"
3534,28 Days (2000)
2360,"Celebration, The (Festen) (1998)"
88744,Rise of the Planet of the Apes (2011)
3937,Runaway (1984)
3483,"Road to El Dorado, The (2000)"
1235,Harold and Maude (1971)
6550,Johnny English (2003)
2470,Crocodile Dundee (1986)
410,Addams Family Values (1993)
3554,Love and Basketball (2000)
2004,Gremlins 2: The New Batch (1990)
113,Before and After (1996)
335,Underneath (1995)
2445,At First Sight (1999)
316,Stargate (1994)
1137,Hustler White (1996)
1253,"Day the Earth Stood Still, The (1951)"
1015,Homeward Bound: The Incredible Journey (1993)
89386,Pearl Jam Twenty (2011)
1617,L.A. Confidential (1997)
1894,Six Days Seven Nights (1998)
879,"Relic, The (1997)"
52952,This Is England (2006)
1237,"Seventh Seal, The (Sjunde inseglet, Det) (1957)"
4654,Road House (1989)
609,Homeward Bound II: Lost in San Francisco (1996)
5878,Talk to Her (Hable con Ella) (2002)
80831,Let Me In (2010)
91978,Man on a Ledge (2012)
3317,Wonder Boys (2000)
106489,"Hobbit: The Desolation of Smaug, The (2013)"
59501,"Chronicles of Narnia: Prince Caspian, The (2008)"
1986,Halloween 5: The Revenge of Michael Myers (1989)
2369,Desperately Seeking Susan (1985)
3741,Badlands (1973)
231,Dumb & Dumber (Dumb and Dumber) (1994)
2447,Varsity Blues (1999)
184,Nadja (1994)
1950,In the Heat of the Night (1967)
1396,Sneakers (1992)
765,Jack (1996)
1027,Robin Hood: Prince of Thieves (1991)
1755,Shooting Fish (1997)
49286,"Holiday, The (2006)"
8861,Resident Evil: Apocalypse (2004)
1918,Lethal Weapon 4 (1998)
911,Charade (1963)
448,Fearless (1993)
2401,Pale Rider (1985)
1041,Secrets & Lies (1996)
1912,Out of Sight (1998)
919,"Wizard of Oz, The (1939)"
490,Malice (1993)
186,Nine Months (1995)
1694,"Apostle, The (1997)"
3654,"Guns of Navarone, The (1961)"
92259,Intouchables (2011)
5882,Treasure Planet (2002)
1013,"Parent Trap, The (1961)"
4878,Donnie Darko (2001)
74685,"Crazies, The (2010)"
384,Bad Company (1995)
1957,Chariots of Fire (1981)
55946,Lions For Lambs (2007)
505,North (1994)
383,Wyatt Earp (1994)
132,Jade (1995)
2137,Charlotte's Web (1973)
3864,Godzilla 2000 (Gojira ni-sen mireniamu) (1999)
288,Natural Born Killers (1994)
547,Surviving the Game (1994)
102903,Now You See Me (2013)
69644,Ice Age: Dawn of the Dinosaurs (2009)
2410,Rocky III (1982)
97752,Cloud Atlas (2012)
2017,Babes in Toyland (1961)
2407,Cocoon (1985)
2822,Medicine Man (1992)
101,Bottle Rocket (1996)
913,"Maltese Falcon, The (1941)"
52722,Spider-Man 3 (2007)
1647,Playing God (1997)
2720,Inspector Gadget (1999)
1792,U.S. Marshals (1998)
2700,"South Park: Bigger, Longer and Uncut (1999)"
1734,My Life in Pink (Ma vie en rose) (1997)
279,My Family (1995)
40581,Just Friends (2005)
58047,"Definitely, Maybe (2008)"
2644,Dracula (1931)
2617,"Mummy, The (1999)"
1218,"Killer, The (Die xue shuang xiong) (1989)"
7096,Rivers and Tides (2001)
1275,Highlander (1986)
97,"Hate (Haine, La) (1995)"
195,Something to Talk About (1995)
80463,"Social Network, The (2010)"
4105,"Evil Dead, The (1981)"
4980,Bill & Ted's Bogus Journey (1991)
1356,Star Trek: First Contact (1996)
5630,Red Dragon (2002)
3897,Almost Famous (2000)
1527,"Fifth Element, The (1997)"
1643,"Mrs. Brown (a.k.a. Her Majesty, Mrs. Brown) (1997)"
85881,Win Win (2011)
709,Oliver & Company (1988)
81847,Tangled (2010)
840,House Arrest (1996)
2896,Alvarez Kelly (1966)
59604,"Girl Next Door, The (2007)"
3754,"Adventures of Rocky and Bullwinkle, The (2000)"
5945,About Schmidt (2002)
111617,Blended (2014)
906,Gaslight (1944)
4159,3000 Miles to Graceland (2001)
342,Muriel's Wedding (1994)
2735,"Golden Child, The (1986)"
125914,Mortdecai (2015)
94780,Snow White and the Huntsman (2012)
97921,Silver Linings Playbook (2012)
1376,Star Trek IV: The Voyage Home (1986)
101142,"Croods, The (2013)"
3190,Supernova (2000)
198,Strange Days (1995)
3727,Near Dark (1987)
710,Celtic Pride (1996)
1735,Great Expectations (1998)
5971,My Neighbor Totoro (Tonari no Totoro) (1988)
2186,Strangers on a Train (1951)
48322,Jackass Number Two (2006)
7333,"Corbeau, Le (Raven, The) (1943)"
88140,Captain America: The First Avenger (2011)
90439,Margin Call (2011)
1825,The Players Club (1998)
106696,Frozen (2013)
2600,eXistenZ (1999)
3330,Splendor in the Grass (1961)
3176,"Talented Mr. Ripley, The (1999)"
3152,"Last Picture Show, The (1971)"
275,Mixed Nuts (1994)
405,Highlander III: The Sorcerer (a.k.a. Highlander: The Final Dimension) (1994)
3087,Scrooged (1988)
3268,Stop! Or My Mom Will Shoot (1992)
106002,Ender's Game (2013)
2161,"NeverEnding Story, The (1984)"
673,Space Jam (1996)
88125,Harry Potter and the Deathly Hallows: Part 2 (2011)
3526,Parenthood (1989)
34520,"Dukes of Hazzard, The (2005)"
3580,Up at the Villa (2000)
1193,One Flew Over the Cuckoo's Nest (1975)
2335,"Waterboy, The (1998)"
56389,My Blueberry Nights (2007)
4638,Jurassic Park III (2001)
2500,Jawbreaker (1999)
4889,Heist (2001)
3362,Dog Day Afternoon (1975)
1837,"Odd Couple II, The (1998)"
282,Nell (1994)
5364,Unfaithful (2002)
1321,"American Werewolf in London, An (1981)"
3361,Bull Durham (1988)
3296,To Sir with Love (1967)
2524,"Towering Inferno, The (1974)"
86644,"Fast Five (Fast and the Furious 5, The) (2011)"
44840,"Benchwarmers, The (2006)"
1958,Terms of Endearment (1983)
105,"Bridges of Madison County, The (1995)"
232,Eat Drink Man Woman (Yin shi nan nu) (1994)
715,"Horseman on the Roof, The (Hussard sur le toit, Le) (1995)"
647,Courage Under Fire (1996)
509,"Piano, The (1993)"
117176,The Theory of Everything (2014)
357,Four Weddings and a Funeral (1994)
1089,Reservoir Dogs (1992)
55269,"Darjeeling Limited, The (2007)"
2023,"Godfather: Part III, The (1990)"
2021,Dune (1984)
172,Johnny Mnemonic (1995)
2968,Time Bandits (1981)
800,Lone Star (1996)
1586,G.I. Jane (1997)
1603,Mimic (1997)
4329,Rio Bravo (1959)
52973,Knocked Up (2007)
155,Beyond Rangoon (1995)
833,High School High (1996)
2579,Following (1998)
1270,Back to the Future (1985)
315,"Specialist, The (1994)"
1167,Dear God (1996)
2473,Soul Man (1986)
204,Under Siege 2: Dark Territory (1995)
3186,"Girl, Interrupted (1999)"
2136,"Nutty Professor, The (1963)"
3980,Men of Honor (2000)
5485,Tadpole (2002)
4616,Lean on Me (1989)
2634,"Mummy, The (1959)"
1049,"Ghost and the Darkness, The (1996)"
905,It Happened One Night (1934)
127202,Me and Earl and the Dying Girl (2015)
4744,Jeepers Creepers (2001)
39516,Don't Move (Non ti muovere) (2004)
3259,Far and Away (1992)
2716,Ghostbusters (a.k.a. Ghost Busters) (1984)
90866,Hugo (2011)
1299,"Killing Fields, The (1984)"
91542,Sherlock Holmes: A Game of Shadows (2011)
4020,"Gift, The (2000)"
358,Higher Learning (1995)
1732,"Big Lebowski, The (1998)"
269,My Crazy Life (Mi vida loca) (1993)
6145,Venom (1982)
2669,Pork Chop Hill (1959)
285,Beyond Bedlam (1993)
96821,"Perks of Being a Wallflower, The (2012)"
4270,"Mummy Returns, The (2001)"
940,"Adventures of Robin Hood, The (1938)"
4440,"Big Boss, The (Fists of Fury) (Tang shan da xiong) (1971)"
3795,"Five Senses, The (1999)"
1432,Metro (1997)
1920,Small Soldiers (1998)
26472,"Norte, El (1984)"
2788,Monty Python's And Now for Something Completely Different (1971)
2941,South Pacific (1958)
1388,Jaws 2 (1978)
3811,Breaker Morant (1980)
540,Sliver (1993)
5093,Collateral Damage (2002)
3726,Assault on Precinct 13 (1976)
368,Maverick (1994)
442,Demolition Man (1993)
5152,We Were Soldiers (2002)
225,Disclosure (1994)
79293,Salt (2010)
5449,Mr. Deeds (2002)
2034,"Black Hole, The (1979)"
74946,She's Out of My League (2010)
3363,American Graffiti (1973)
51086,"Number 23, The (2007)"
5513,Martin Lawrence Live: Runteldat (2002)
2926,Hairspray (1988)
3037,Little Big Man (1970)
2950,"Blue Lagoon, The (1980)"
4887,"One, The (2001)"
3274,Single White Female (1992)
1626,Fire Down Below (1997)
3479,Ladyhawke (1985)
3147,"Green Mile, The (1999)"
1393,Jerry Maguire (1996)
60069,WALL·E (2008)
39446,Saw II (2005)
5011,Charlotte Gray (2001)
6408,Animals are Beautiful People (1974)
5479,K-19: The Widowmaker (2002)
924,2001: A Space Odyssey (1968)
4873,Waking Life (2001)
140,Up Close and Personal (1996)
1148,Wallace & Gromit: The Wrong Trousers (1993)
1212,"Third Man, The (1949)"
1409,Michael (1996)
3809,What About Bob? (1991)
5673,Punch-Drunk Love (2002)
1104,"Streetcar Named Desire, A (1951)"
2194,"Untouchables, The (1987)"
256,Junior (1994)
1022,Cinderella (1950)
955,Bringing Up Baby (1938)
613,Jane Eyre (1996)
866,Bound (1996)
2291,Edward Scissorhands (1990)
724,"Craft, The (1996)"
2991,Live and Let Die (1973)
1591,Spawn (1997)
3358,Defending Your Life (1991)
4355,Youngblood (1986)
5410,Silent Running (1972)
7371,Dogville (2003)
94015,Mirror Mirror (2012)
372,Reality Bites (1994)
61250,"House Bunny, The (2008)"
7001,Invasion of the Body Snatchers (1978)
49284,10 Items or Less (2006)
6001,"King of Comedy, The (1983)"
99636,English Vinglish (2012)
355,"Flintstones, The (1994)"
42009,Cheaper by the Dozen 2 (2005)
2132,Who's Afraid of Virginia Woolf? (1966)
2993,Thunderball (1965)
433,Clean Slate (1994)
2436,Tea with Mussolini (1999)
3396,"Muppet Movie, The (1979)"
529,Searching for Bobby Fischer (1993)
381,When a Man Loves a Woman (1994)
656,Eddie (1996)
2997,Being John Malkovich (1999)
507,"Perfect World, A (1993)"
2493,"Harmonists, The (1997)"
5665,Knockaround Guys (2002)
59615,Indiana Jones and the Kingdom of the Crystal Skull (2008)
111443,Chef (2014)
524,Rudy (1993)
426,Body Snatchers (1993)
4015,"Dude, Where's My Car? (2000)"
40629,Pride & Prejudice (2005)
2468,Jumpin' Jack Flash (1986)
27773,Old Boy (2003)
3638,Moonraker (1979)
1136,Monty Python and the Holy Grail (1975)
64969,Yes Man (2008)
3699,Starman (1984)
58332,Diary of the Dead (2007)
249,Immortal Beloved (1994)
3299,Hanging Up (2000)
4438,"Fist of Fury (Chinese Connection, The) (Jing wu men) (1972)"
1965,Repo Man (1984)
449,Fear of a Black Hat (1994)
5308,Three Men and a Baby (1987)
1960,"Last Emperor, The (1987)"
858,"Godfather, The (1972)"
5048,Snow Dogs (2002)
5299,My Big Fat Greek Wedding (2002)
3095,"Grapes of Wrath, The (1940)"
370,Naked Gun 33 1/3: The Final Insult (1994)
1051,Trees Lounge (1996)
96737,Dredd (2012)
5804,"Santa Clause 2, The (2002)"
2919,"Year of Living Dangerously, The (1982)"
485,Last Action Hero (1993)
453,For Love or Money (1993)
1268,Pump Up the Volume (1990)
5962,Body of Evidence (1993)
1341,Burnt Offerings (1976)
5965,"Duellists, The (1977)"
112183,Birdman: Or (The Unexpected Virtue of Ignorance) (2014)
5541,Hot Shots! (1991)
104283,"Wind Rises, The (Kaze tachinu) (2013)"
1006,"Chamber, The (1996)"
1824,Homegrown (1998)
4945,"Enforcer, The (1976)"
2859,Stop Making Sense (1984)
308,Three Colors: White (Trzy kolory: Bialy) (1994)
1635,"Ice Storm, The (1997)"
1895,Can't Hardly Wait (1998)
147,"Basketball Diaries, The (1995)"
910,Some Like It Hot (1959)
97923,Flight (2012)
1276,Cool Hand Luke (1967)
5444,Lilo & Stitch (2002)
7438,Kill Bill: Vol. 2 (2004)
3978,"Legend of Bagger Vance, The (2000)"
51412,Next (2007)
420,Beverly Hills Cop III (1994)
3959,"Time Machine, The (1960)"
36519,Transporter 2 (2005)
5902,Adaptation (2002)
4396,"Cannonball Run, The (1981)"
3053,"Messenger: The Story of Joan of Arc, The (1999)"
50601,Bridge to Terabithia (2007)
2038,"Cat from Outer Space, The (1978)"
3300,Pitch Black (2000)
1056,Jude (1996)
4090,"Brave Little Toaster, The (1987)"
2058,"Negotiator, The (1998)"
1287,Ben-Hur (1959)
3496,Madame Sousatzka (1988)
62113,How to Lose Friends & Alienate People (2008)
3398,"Muppets Take Manhattan, The (1984)"
94864,Prometheus (2012)
2966,"Straight Story, The (1999)"
2312,Children of a Lesser God (1986)
4235,Amores Perros (Love's a Bitch) (2000)
283,New Jersey Drive (1995)
1465,Rosewood (1997)
266,Legends of the Fall (1994)
2513,Pet Sematary (1989)
2565,"King and I, The (1956)"
2162,"NeverEnding Story II: The Next Chapter, The (1990)"
312,Stuart Saves His Family (1995)
2688,"General's Daughter, The (1999)"
347,Bitter Moon (1992)
2248,Say Anything... (1989)
58107,Step Up 2 the Streets (2008)
7046,"Witches of Eastwick, The (1987)"
3593,Battlefield Earth (2000)
1020,Cool Runnings (1993)
104,Happy Gilmore (1996)
112852,Guardians of the Galaxy (2014)
281,Nobody's Fool (1994)
6022,American Me (1992)
1286,Somewhere in Time (1980)
517,Rising Sun (1993)
2793,"American Werewolf in Paris, An (1997)"
2231,Rounders (1998)
44972,Scary Movie 4 (2006)
87529,Your Highness (2011)
3918,Hellbound: Hellraiser II (1988)
1217,Ran (1985)
3019,Drugstore Cowboy (1989)
2657,"Rocky Horror Picture Show, The (1975)"
5618,Spirited Away (Sen to Chihiro no kamikakushi) (2001)
445,Fatal Instinct (1993)
55820,No Country for Old Men (2007)
780,Independence Day (a.k.a. ID4) (1996)
2300,"Producers, The (1968)"
27815,"Chorus, The (Choristes, Les) (2004)"
4855,Dirty Harry (1971)
3256,Patriot Games (1992)
3618,Small Time Crooks (2000)
2492,20 Dates (1998)
4489,Coming to America (1988)
661,James and the Giant Peach (1996)
3594,Center Stage (2000)
59315,Iron Man (2008)
88163,"Crazy, Stupid, Love. (2011)"
2025,Lolita (1997)
4450,Bully (2001)
4447,Legally Blonde (2001)
103249,World War Z (2013)
8972,National Treasure (2004)
130087,The Cobbler (2015)
968,Night of the Living Dead (1968)
3024,Piranha (1978)
218,Boys on the Side (1995)
2090,"Rescuers, The (1977)"
141,"Birdcage, The (1996)"
7841,Children of Dune (2003)
5283,National Lampoon's Van Wilder (2002)
3439,Teenage Mutant Ninja Turtles II: The Secret of the Ooze (1991)
6218,Bend It Like Beckham (2002)
56941,P.S. I Love You (2007)
3247,Sister Act (1992)
2115,Indiana Jones and the Temple of Doom (1984)
51662,300 (2007)
66934,Dr. Horrible's Sing-Along Blog (2008)
8640,King Arthur (2004)
1653,Gattaca (1997)
5388,Insomnia (2002)
7991,Death Race 2000 (1975)
692,Solo (1996)
2391,"Simple Plan, A (1998)"
1515,Volcano (1997)
318,"Shawshank Redemption, The (1994)"
628,Primal Fear (1996)
4207,Navy Seals (1990)
5387,Enough (2002)
57504,"Girl Who Leapt Through Time, The (Toki o kakeru shôjo) (2006)"
1209,Once Upon a Time in the West (C'era una volta il West) (1968)
4776,Training Day (2001)
6044,Blind Date (1984)
1665,Bean (1997)
116897,Wild Tales (2014)
3499,Misery (1990)
393,Street Fighter (1994)
44195,Thank You for Smoking (2006)
40697,Babylon 5
2420,"Karate Kid, The (1984)"
376,"River Wild, The (1994)"
3258,Death Becomes Her (1992)
2122,Children of the Corn (1984)
1672,"Rainmaker, The (1997)"
1215,Army of Darkness (1993)
4803,Play Misty for Me (1971)
49272,Casino Royale (2006)
2558,Forces of Nature (1999)
2908,Boys Don't Cry (1999)
779,'Til There Was You (1997)
766,I Shot Andy Warhol (1996)
2160,Rosemary's Baby (1968)
5643,Powaqqatsi (1988)
541,Blade Runner (1982)
2531,Battle for the Planet of the Apes (1973)
81782,Unstoppable (2010)
1953,"French Connection, The (1971)"
2881,Double Jeopardy (1999)
2618,"Castle, The (1997)"
3386,JFK (1991)
2067,Doctor Zhivago (1965)
1910,I Went Down (1997)
109374,"Grand Budapest Hotel, The (2014)"
71520,"Invention of Lying, The (2009)"
253,Interview with the Vampire: The Vampire Chronicles (1994)
4499,Dirty Rotten Scoundrels (1988)
6870,Mystic River (2003)
3254,Wayne's World 2 (1993)
1327,"Amityville Horror, The (1979)"
3996,"Crouching Tiger, Hidden Dragon (Wo hu cang long) (2000)"
1060,Swingers (1996)
1875,Clockwatchers (1997)
1245,Miller's Crossing (1990)
3501,Murphy's Romance (1985)
1969,"Nightmare on Elm Street 2: Freddy's Revenge, A (1985)"
678,Some Folks Call It a Sling Blade (1993)
1951,Oliver! (1968)
5502,Signs (2002)
4936,Fame (1980)
3861,"Replacements, The (2000)"
497,Much Ado About Nothing (1993)
733,"Rock, The (1996)"
7757,Jason and the Argonauts (1963)
6188,Old School (2003)
6051,"Harder They Come, The (1973)"
1476,Private Parts (1997)
56152,Enchanted (2007)
5810,8 Mile (2002)
2501,October Sky (1999)
48516,"Departed, The (2006)"
7261,Barbershop 2: Back in Business (2004)
127052,Operation 'Y' & Other Shurik's Adventures (1965)
3824,Autumn in New York (2000)
58293,"10,000 BC (2008)"
351,"Corrina, Corrina (1994)"
3264,Buffy the Vampire Slayer (1992)
50872,Ratatouille (2007)
2325,Orgazmo (1997)
1605,Excess Baggage (1997)
555,True Romance (1993)
1687,"Jackal, The (1997)"
101577,"Host, The (2013)"
2195,Dirty Work (1998)
719,Multiplicity (1996)
4005,"Living Daylights, The (1987)"
5171,"Time Machine, The (2002)"
56174,I Am Legend (2007)
1261,Evil Dead II (Dead by Dawn) (1987)
6155,How to Lose a Guy in 10 Days (2003)
389,"Colonel Chabert, Le (1994)"
1381,Grease 2 (1982)
162,Crumb (1994)
920,Gone with the Wind (1939)
2327,Tales from the Darkside: The Movie (1990)
5325,Dogtown and Z-Boyz (2001)
108190,Divergent (2014)
481,Kalifornia (1993)
4639,America's Sweethearts (2001)
2912,"Limey, The (1999)"
2064,Roger & Me (1989)
79592,"Other Guys, The (2010)"
2114,"Outsiders, The (1983)"
1094,"Crying Game, The (1992)"
3942,Sorority House Massacre II (1990)
5481,Austin Powers in Goldmember (2002)
5508,24 Hour Party People (2002)
2710,"Blair Witch Project, The (1999)"
60753,Felon (2008)
2986,RoboCop 2 (1990)
2961,"Story of Us, The (1999)"
5872,Die Another Day (2002)
6158,"Jungle Book 2, The (2003)"
1103,Rebel Without a Cause (1955)
4406,"Man Who Shot Liberty Valance, The (1962)"
1189,"Thin Blue Line, The (1988)"
4370,A.I. Artificial Intelligence (2001)
27193,Taxi 2 (2000)
1777,"Wedding Singer, The (1998)"
1046,Beautiful Thing (1996)
1099,"Christmas Carol, A (1938)"
3005,"Bone Collector, The (1999)"
2795,National Lampoon's Vacation (1983)
907,"Gay Divorcee, The (1934)"
922,Sunset Blvd. (a.k.a. Sunset Boulevard) (1950)
115569,Nightcrawler (2014)
1711,Midnight in the Garden of Good and Evil (1997)
4333,Throw Momma from the Train (1987)
933,To Catch a Thief (1955)
428,"Bronx Tale, A (1993)"
3646,Big Momma's House (2000)
2188,54 (1998)
3681,For a Few Dollars More (Per qualche dollaro in più) (1965)
1688,Anastasia (1997)
114180,"Maze Runner, The (2014)"
97306,Seven Psychopaths (2012)
2145,Pretty in Pink (1986)
4011,Snatch (2000)
104913,Rush (2013)
5650,Strange Brew (1983)
2860,Blue Streak (1999)
1080,Monty Python's Life of Brian (1979)
455,Free Willy (1993)
5219,Resident Evil (2002)
2144,Sixteen Candles (1984)
3999,Vertical Limit (2000)
106100,Dallas Buyers Club (2013)
94,Beautiful Girls (1996)
88129,Drive (2011)
543,So I Married an Axe Murderer (1993)
2337,Velvet Goldmine (1998)
5693,Saturday Night Fever (1977)
1222,Full Metal Jacket (1987)
4344,Swordfish (2001)
257,Just Cause (1995)
694,"Substitute, The (1996)"
43679,Final Destination 3 (2006)
79139,"Sorcerer's Apprentice, The (2010)"
544,Striking Distance (1993)
1921,Pi (1998)
2764,"Thomas Crown Affair, The (1968)"
2530,Beneath the Planet of the Apes (1970)
2100,Splash (1984)
3998,Proof of Life (2000)
1892,"Perfect Murder, A (1998)"
5620,Sweet Home Alabama (2002)
2664,Invasion of the Body Snatchers (1956)
1554,"Pillow Book, The (1996)"
1799,Suicide Kings (1997)
5450,Lovely & Amazing (2001)
2011,Back to the Future Part II (1989)
91325,Extremely Loud and Incredibly Close (2011)
1587,Conan the Barbarian (1982)
2794,European Vacation (aka National Lampoon's European Vacation) (1985)
2289,"Player, The (1992)"
3404,Titanic (1953)
2394,"Prince of Egypt, The (1998)"
949,East of Eden (1955)
593,"Silence of the Lambs, The (1991)"
4957,Sudden Impact (1983)
45517,Cars (2006)
112512,Colourful (Karafuru) (2010)
1408,"Last of the Mohicans, The (1992)"
3568,Smiling Fish and Goat on Fire (1999)
743,Spy Hard (1996)
2948,From Russia with Love (1963)
1279,Night on Earth (1991)
1385,Under Siege (1992)
1731,Mr. Magoo (1997)
1391,Mars Attacks! (1996)
1690,Alien: Resurrection (1997)
112623,Dawn of the Planet of the Apes (2014)
4002,"Planes, Trains & Automobiles (1987)"
46723,Babel (2006)
4848,Mulholland Drive (2001)
2193,Willow (1988)
639,Girl 6 (1996)
1175,Delicatessen (1991)
2320,Apt Pupil (1998)
246,Hoop Dreams (1994)
1213,Goodfellas (1990)
7173,Along Came Polly (2004)
930,Notorious (1946)
6380,Capturing the Friedmans (2003)
1203,12 Angry Men (1957)
122,Boomerang (1992)
1186,"Sex, Lies, and Videotape (1989)"
3591,Mr. Mom (1983)
103,Unforgettable (1996)
612,"Pallbearer, The (1996)"
1348,"Nosferatu (Nosferatu, eine Symphonie des Grauens) (1922)"
61697,Righteous Kill (2008)
2975,"Best Man, The (1999)"
588,Aladdin (1992)
72998,Avatar (2009)
26631,Alice (Neco z Alenky) (1988)
750,Dr. Strangelove or: How I Learned to Stop Worrying and Love the Bomb (1964)
6283,Cowboy Bebop: The Movie (Cowboy Bebop: Tengoku no Tobira) (2001)
5447,Sunshine State (2002)
3763,F/X (1986)
2598,Pushing Tin (1999)
3827,Space Cowboys (2000)
311,Relative Fear (1994)
1019,"20,000 Leagues Under the Sea (1954)"
926,All About Eve (1950)
1271,Fried Green Tomatoes (1991)
4720,"Others, The (2001)"
2005,"Goonies, The (1985)"
7312,"Follow Me, Boys! (1966)"
26131,"Battle of Algiers, The (La battaglia di Algeri) (1966)"
4062,Mystic Pizza (1988)
489,Made in America (1993)
2879,Armour of God II: Operation Condor (Operation Condor) (Fei ying gai wak) (1991)
4641,Ghost World (2001)
1685,"I Love You, I Love You Not (1996)"
261,Little Women (1994)
7325,Starsky & Hutch (2004)
88810,"Help, The (2011)"
112171,"Equalizer, The (2014)"
616,"Aristocats, The (1970)"
2739,"Color Purple, The (1985)"
4128,"Lost Boys, The (1987)"
4291,Nine to Five (a.k.a. 9 to 5) (1980)
3168,Easy Rider (1969)
1646,RocketMan (a.k.a. Rocket Man) (1997)
1035,"Sound of Music, The (1965)"
3262,Twin Peaks: Fire Walk with Me (1992)
93831,American Reunion (American Pie 4) (2012)
2482,Still Crazy (1998)
51834,Becoming Jane (2007)
82459,True Grit (2010)
838,Emma (1996)
4419,All That Heaven Allows (1955)
519,RoboCop 3 (1993)
260,Star Wars: Episode IV - A New Hope (1977)
84954,"Adjustment Bureau, The (2011)"
5329,"Salton Sea, The (2002)"
1088,Dirty Dancing (1987)
3950,Tigerland (2000)
1066,Shall We Dance (1937)
40826,Rent (2005)
3016,Creepshow (1982)
2882,Jakob the Liar (1999)
247,Heavenly Creatures (1994)
98809,"Hobbit: An Unexpected Journey, The (2012)"
5956,Gangs of New York (2002)
3556,"Virgin Suicides, The (1999)"
2087,Peter Pan (1953)
3107,Backdraft (1991)
3528,"Prince of Tides, The (1991)"
107141,Saving Mr. Banks (2013)
135,Down Periscope (1996)
2872,Excalibur (1981)
55267,Dan in Real Life (2007)
558,"Pagemaster, The (1994)"
590,Dances with Wolves (1990)
898,"Philadelphia Story, The (1940)"
48982,Flushed Away (2006)
2457,Running Scared (1986)
3462,Modern Times (1936)
482,Killing Zoe (1994)
4014,Chocolat (2000)
1840,He Got Game (1998)
43684,Something New (2006)
2570,"Walk on the Moon, A (1999)"
1264,Diva (1981)
104218,Grown Ups 2 (2013)
1619,Seven Years in Tibet (1997)
1614,In & Out (1997)
6184,"Man Who Fell to Earth, The (1976)"
3825,Coyote Ugly (2000)
1993,Child's Play 3 (1991)
314,"Secret of Roan Inish, The (1994)"
31420,Assault on Precinct 13 (2005)
704,"Quest, The (1996)"
6619,Uptown Girls (2003)
82461,Tron: Legacy (2010)
2423,Christmas Vacation (National Lampoon's Christmas Vacation) (1989)
1367,101 Dalmatians (1996)
5128,Queen of the Damned (2002)
267,Major Payne (1995)
653,Dragonheart (1996)
896,Wild Reeds (Les roseaux sauvages) (1994)
3000,Princess Mononoke (Mononoke-hime) (1997)
4899,Black Knight (2001)
95,Broken Arrow (1996)
41566,"Chronicles of Narnia: The Lion, the Witch and the Wardrobe, The (2005)"
3030,Yojimbo (1961)
707,Mulholland Falls (1996)
627,"Last Supper, The (1995)"
1739,3 Ninjas: High Noon On Mega Mountain (1998)
1216,"Big Blue, The (Grand bleu, Le) (1988)"
94130,Bully (2011)
340,"War, The (1994)"
125,Flirting With Disaster (1996)
5991,Chicago (2002)
2877,Tommy (1975)
1801,"Man in the Iron Mask, The (1998)"
2717,Ghostbusters II (1989)
1347,"Nightmare on Elm Street, A (1984)"
2015,"Absent-Minded Professor, The (1961)"
81132,Rubber (2010)
7360,Dawn of the Dead (2004)
1974,Friday the 13th (1980)
2554,Children of the Damned (1963)
90890,Jack and Jill (2011)
1414,Mother (1996)
1876,Deep Impact (1998)
869,Kansas City (1996)
1144,"Line King: The Al Hirschfeld Story, The (1996)"
1726,"Postman, The (1997)"
99813,"Batman: The Dark Knight Returns, Part 2 (2013)"
100,City Hall (1996)
1955,Kramer vs. Kramer (1979)
594,Snow White and the Seven Dwarfs (1937)
2135,Doctor Dolittle (1967)
836,Chain Reaction (1996)
4388,Scary Movie 2 (2001)
1291,Indiana Jones and the Last Crusade (1989)
4091,Can't Buy Me Love (1987)
322,Swimming with Sharks (1995)
3108,"Fisher King, The (1991)"
1485,Liar Liar (1997)
6344,101 Reykjavik (101 Reykjavík) (2000)
2856,I Saw What You Did (1965)
44665,Lucky Number Slevin (2006)
26554,"Quiet Earth, The (1985)"
5903,Equilibrium (2002)
3527,Predator (1987)
1246,Dead Poets Society (1989)
3044,Dead Again (1991)
1307,When Harry Met Sally... (1989)
2463,Ruthless People (1986)
2150,"Gods Must Be Crazy, The (1980)"
3955,"Ladies Man, The (2000)"
923,Citizen Kane (1941)
852,Tin Cup (1996)
7121,Adam's Rib (1949)
4734,Jay and Silent Bob Strike Back (2001)
102125,Iron Man 3 (2013)
107,Muppet Treasure Island (1996)
1680,Sliding Doors (1998)
377,Speed (1994)
4446,Final Fantasy: The Spirits Within (2001)
37729,Corpse Bride (2005)
2810,Perfect Blue (1997)
3035,Mister Roberts (1955)
1658,"Life Less Ordinary, A (1997)"
2338,I Still Know What You Did Last Summer (1998)
640,Diabolique (1996)
1295,"Unbearable Lightness of Being, The (1988)"
3039,Trading Places (1983)
539,Sleepless in Seattle (1993)
2471,Crocodile Dundee II (1988)
26171,Play Time (a.k.a. Playtime) (1967)
5989,Catch Me If You Can (2002)
7361,Eternal Sunshine of the Spotless Mind (2004)
2694,Big Daddy (1999)
47122,John Tucker Must Die (2006)
1488,"Devil's Own, The (1997)"
2371,Fletch (1985)
1198,Raiders of the Lost Ark (Indiana Jones and the Raiders of the Lost Ark) (1981)
2094,"Rocketeer, The (1991)"
5949,Intact (Intacto) (2001)
1911,Dr. Dolittle (1998)
178,Love & Human Remains (1993)
2582,Twin Dragons (Shuang long hui) (1992)
735,Cemetery Man (Dellamorte Dellamore) (1994)
4262,Scarface (1983)
348,Bullets Over Broadway (1994)
444,Even Cowgirls Get the Blues (1993)
83134,Tucker & Dale vs Evil (2010)
2670,Run Silent Run Deep (1958)
3682,Magnum Force (1973)
1606,Kull the Conqueror (1997)
4054,Save the Last Dance (2001)
5891,I Spit on Your Grave (Day of the Woman) (1978)
81834,Harry Potter and the Deathly Hallows: Part 1 (2010)
262,"Little Princess, A (1995)"
915,Sabrina (1954)
252,I.Q. (1994)
4265,Driven (2001)
4372,Crazy/Beautiful (2001)
6947,Master and Commander: The Far Side of the World (2003)
99117,This Is 40 (2012)
3893,Nurse Betty (2000)
2273,Rush Hour (1998)
78105,Prince of Persia: The Sands of Time (2010)
334,Vanya on 42nd Street (1994)
1429,First Strike (Police Story 4: First Strike) (Ging chaat goo si 4: Ji gaan daan yam mo) (1996)
6950,"Missing, The (2003)"
4378,Sexy Beast (2000)
945,Top Hat (1935)
538,Six Degrees of Separation (1993)
592,Batman (1989)
94959,Moonrise Kingdom (2012)
114060,The Drop (2014)
3543,Diner (1982)
69951,"Imaginarium of Doctor Parnassus, The (2009)"
5377,About a Boy (2002)
5959,Narc (2002)
4967,No Man's Land (2001)
382,Wolf (1994)
2567,EDtv (1999)
1952,Midnight Cowboy (1969)
3246,Malcolm X (1992)
4874,K-PAX (2001)
606,Candyman: Farewell to the Flesh (1995)
374,Richie Rich (1994)
27831,Layer Cake (2004)
2387,Very Bad Things (1998)
1721,Titanic (1997)
82053,Casino Jack (2010)
3639,"Man with the Golden Gun, The (1974)"
104245,Planes (2013)
3868,"Naked Gun: From the Files of Police Squad!, The (1988)"
5008,Witness for the Prosecution (1957)
5092,Big Fat Liar (2002)
1278,Young Frankenstein (1974)
127198,Dope (2015)
93,Vampire in Brooklyn (1995)
5014,I Am Sam (2001)
1972,"Nightmare on Elm Street 5: The Dream Child, A (1989)"
2863,"Hard Day's Night, A (1964)"
4976,Iris (2001)
1914,Smoke Signals (1998)
48738,"Last King of Scotland, The (2006)"
38061,Kiss Kiss Bang Bang (2005)
3100,"River Runs Through It, A (1992)"
4835,Coal Miner's Daughter (1980)
44633,"Devil and Daniel Johnston, The (2005)"
737,Barb Wire (1996)
1982,Halloween (1978)
7169,Chasing Liberty (2004)
1674,Witness (1985)
87867,Zookeeper (2011)
86882,Midnight in Paris (2011)
1608,Air Force One (1997)
191,"Scarlet Letter, The (1995)"
3979,Little Nicky (2000)
2763,"Thomas Crown Affair, The (1999)"
706,Sunset Park (1996)
51935,Shooter (2007)
1449,Waiting for Guffman (1996)
1717,Scream 2 (1997)
3683,Blood Simple (1984)
115664,The Book of Life (2014)
4483,Caddyshack II (1988)
4369,"Fast and the Furious, The (2001)"
575,"Little Rascals, The (1994)"
3213,Batman: Mask of the Phantasm (1993)
2792,Airplane II: The Sequel (1982)
731,Heaven's Prisoners (1996)
3912,Beautiful (2000)
3173,Any Given Sunday (1999)
2605,Entrapment (1999)
1302,Field of Dreams (1989)
4226,Memento (2000)
112138,22 Jump Street (2014)
84374,No Strings Attached (2011)
1242,Glory (1989)
1366,"Crucible, The (1996)"
1200,Aliens (1986)
552,"Three Musketeers, The (1993)"
3626,8 ½ Women (a.k.a. 8 1/2 Women) (a.k.a. Eight and a Half Women) (1999)
4939,"Final Countdown, The (1980)"
778,Trainspotting (1996)
290,Once Were Warriors (1994)
2701,Wild Wild West (1999)
3452,Romeo Must Die (2000)
3160,Magnolia (1999)
2712,Eyes Wide Shut (1999)
3629,"Gold Rush, The (1925)"
81786,Certified Copy (Copie conforme) (2010)
4979,"Royal Tenenbaums, The (2001)"
2013,"Poseidon Adventure, The (1972)"
44191,V for Vendetta (2006)
1150,"Return of Martin Guerre, The (Retour de Martin Guerre, Le) (1982)"
87520,Transformers: Dark of the Moon (2011)
1033,"Fox and the Hound, The (1981)"
1961,Rain Man (1988)
113207,Get on Up (2014)
3099,Shampoo (1975)
4386,Cats & Dogs (2001)
3354,Mission to Mars (2000)
6157,Daredevil (2003)
5617,Secretary (2002)
2686,"Red Violin, The (Violon rouge, Le) (1998)"
137,Man of the Year (1995)
5099,Heidi (1937)
1907,Mulan (1998)
1615,"Edge, The (1997)"
2454,"Fly, The (1958)"
2384,Babe: Pig in the City (1998)
2949,Dr. No (1962)
4246,Bridget Jones's Diary (2001)
36517,"Constant Gardener, The (2005)"
3701,Alien Nation (1988)
3365,"Searchers, The (1956)"
1285,Heathers (1989)
3504,Network (1976)
2379,Police Academy 2: Their First Assignment (1985)
1882,Godzilla (1998)
118997,Into the Woods (2014)
6347,Beat Street (1984)
4518,The Lair of the White Worm (1988)
4701,Rush Hour 2 (2001)
1296,"Room with a View, A (1986)"
96430,"Odd Life of Timothy Green, The (2012)"
1884,Fear and Loathing in Las Vegas (1998)
3535,American Psycho (2000)
78349,Exam (2009)
589,Terminator 2: Judgment Day (1991)
114662,American Sniper (2014)
3098,"Natural, The (1984)"
1197,"Princess Bride, The (1987)"
1262,"Great Escape, The (1963)"
4498,"Dead Pool, The (1988)"
2149,House II: The Second Story (1987)
44193,She's the Man (2006)
1909,"X-Files: Fight the Future, The (1998)"
1105,Children of the Corn IV: The Gathering (1996)
26704,State of Grace (1990)
5218,Ice Age (2002)
1645,The Devil's Advocate (1997)
2959,Fight Club (1999)
6297,Holes (2003)
2243,Broadcast News (1987)
3882,Bring It On (2000)
1387,Jaws (1975)
2232,Cube (1997)
2729,Lolita (1962)
4718,American Pie 2 (2001)
27904,"Scanner Darkly, A (2006)"
3481,High Fidelity (2000)
2659,It Came from Hollywood (1982)
5109,Return to Never Land (2002)
3275,"Boondock Saints, The (2000)"
421,Black Beauty (1994)
918,Meet Me in St. Louis (1944)
94405,Safe (2012)
1086,Dial M for Murder (1954)
115617,Big Hero 6 (2014)
62293,"Duchess, The (2008)"
1372,Star Trek VI: The Undiscovered Country (1991)
39869,Manderlay (2005)
70293,Julie & Julia (2009)
1785,King of New York (1990)
1059,William Shakespeare's Romeo + Juliet (1996)
3968,Bedazzled (2000)
5919,Android (1982)
1100,Days of Thunder (1990)
3418,Thelma & Louise (1991)
3447,"Good Earth, The (1937)"
5628,Wasabi (2001)
2915,Risky Business (1983)
4164,"Caveman's Valentine, The (2001)"
1140,Entertaining Angels: The Dorothy Day Story (1996)
1703,For Richer or Poorer (1997)
5316,Enigma (2001)
4085,Beverly Hills Cop (1984)
55451,The Jane Austen Book Club (2007)
508,Philadelphia (1993)
47099,"Pursuit of Happyness, The (2006)"
5296,"Sweetest Thing, The (2002)"
5303,Joe Versus the Volcano (1990)
94677,"Dictator, The (2012)"
3090,Matewan (1987)
5323,Jason X (2002)
2028,Saving Private Ryan (1998)
5066,"Walk to Remember, A (2002)"
53121,Shrek the Third (2007)
3219,Pacific Heights (1990)
2944,"Dirty Dozen, The (1967)"
5415,Divine Secrets of the Ya-Ya Sisterhood (2002)
3616,Loser (2000)
2348,Sid and Nancy (1986)
4016,"Emperor's New Groove, The (2000)"
2560,Ravenous (1999)
144,"Brothers McMullen, The (1995)"
93840,"Cabin in the Woods, The (2012)"
3993,Quills (2000)
3307,City Lights (1931)
1831,Lost in Space (1998)
87306,Super 8 (2011)
350,"Client, The (1994)"
2587,Life (1999)
1701,Deconstructing Harry (1997)
4792,13 Ghosts (1960)
3798,What Lies Beneath (2000)
65230,Marley & Me (2008)
1284,"Big Sleep, The (1946)"
2226,"Ring, The (1927)"
1556,Speed 2: Cruise Control (1997)
53125,Pirates of the Caribbean: At World's End (2007)
3512,Return to Me (2000)
215,Before Sunrise (1995)
1696,Bent (1997)
3175,Galaxy Quest (1999)
2502,Office Space (1999)
106766,Inside Llewyn Davis (2013)
2916,Total Recall (1990)
101962,Wolf Children (Okami kodomo no ame to yuki) (2012)
1446,Kolya (Kolja) (1996)
5254,Blade II (2002)
891,Halloween: The Curse of Michael Myers (Halloween 6: The Curse of Michael Myers) (1995)
81562,127 Hours (2010)
1178,Paths of Glory (1957)
90405,In Time (2011)
479,Judgment Night (1993)
3940,Slumber Party Massacre III (1990)
112290,Boyhood (2014)
4896,Harry Potter and the Sorcerer's Stone (a.k.a. Harry Potter and the Philosopher's Stone) (2001)
2762,"Sixth Sense, The (1999)"
4276,Lost in America (1985)
2392,Jack Frost (1998)
1644,I Know What You Did Last Summer (1997)
1194,Cheech and Chong's Up in Smoke (1978)
3082,"World Is Not Enough, The (1999)"
4220,"Longest Yard, The (1974)"
515,"Remains of the Day, The (1993)"
89864,50/50 (2011)
222,Circle of Friends (1995)
458,Geronimo: An American Legend (1993)
805,"Time to Kill, A (1996)"
1129,Escape from New York (1981)
3624,Shanghai Noon (2000)
1544,"Lost World: Jurassic Park, The (1997)"
2431,Patch Adams (1998)
53000,28 Weeks Later (2007)
1223,"Grand Day Out with Wallace and Gromit, A (1989)"
2376,"View to a Kill, A (1985)"
2302,My Cousin Vinny (1992)
96079,Skyfall (2012)
45499,X-Men: The Last Stand (2006)
2346,"Stepford Wives, The (1975)"
419,"Beverly Hillbillies, The (1993)"
3735,Serpico (1973)
87028,"Roommate, The (2011)"
337,What's Eating Gilbert Grape (1993)
3448,"Good Morning, Vietnam (1987)"
148,"Awfully Big Adventure, An (1995)"
2396,Shakespeare in Love (1998)
56171,"Golden Compass, The (2007)"
5505,"Good Girl, The (2002)"
79357,Mr. Nobody (2009)
2478,¡Three Amigos! (1986)
2009,Soylent Green (1973)
2606,Idle Hands (1999)
3178,"Hurricane, The (1999)"
496,What Happened Was... (1994)
3797,"In Crowd, The (2000)"
4946,"Eye for an Eye, An (1981)"
2139,"Secret of NIMH, The (1982)"
2336,Elizabeth (1998)
1021,Angels in the Outfield (1994)
81932,"Fighter, The (2010)"
1260,M (1931)
103688,"Conjuring, The (2013)"
93270,Project X (2012)
150,Apollo 13 (1995)
4086,"Big Easy, The (1987)"
78637,Shrek Forever After (a.k.a. Shrek: The Final Chapter) (2010)
2996,Music of the Heart (1999)
165,Die Hard: With a Vengeance (1995)
1208,Apocalypse Now (1979)
52328,Sunshine (2007)
1375,Star Trek III: The Search for Spock (1984)
736,Twister (1996)
832,Ransom (1996)
943,"Ghost and Mrs. Muir, The (1947)"
532,Serial Mom (1994)
3004,"Bachelor, The (1999)"
32914,Carrie (2002)
95167,Brave (2012)
59900,You Don't Mess with the Zohan (2008)
885,Bogus (1996)
1625,"Game, The (1997)"
62383,"20,000 Leagues Under the Sea (1916)"
596,Pinocchio (1940)
3967,Billy Elliot (2000)
3668,Romeo and Juliet (1968)
818,"Very Brady Sequel, A (1996)"
2124,"Addams Family, The (1991)"
788,"Nutty Professor, The (1996)"
3984,Diamonds Are Forever (1971)
1975,Friday the 13th Part 2 (1981)
1976,Friday the 13th Part 3: 3D (1982)
307,Three Colors: Blue (Trois couleurs: Bleu) (1993)
55232,Resident Evil: Extinction (2007)
1358,Sling Blade (1996)
1345,Carrie (1976)
2622,William Shakespeare's A Midsummer Night's Dream (1999)
2505,8MM (1999)
72407,"Twilight Saga: New Moon, The (2009)"
2118,"Dead Zone, The (1983)"
80549,Easy A (2010)
3115,Flawless (1999)
637,Sgt. Bilko (1996)
1682,"Truman Show, The (1998)"
3042,Meatballs III (1987)
3424,Do the Right Thing (1989)
457,"Fugitive, The (1993)"
2082,"Mighty Ducks, The (1992)"
151,Rob Roy (1995)
289,Only You (1994)
3255,"League of Their Own, A (1992)"
85354,Mesrine: Public Enemy #1 (L'ennemi public n°1) (2008)
3062,"Longest Day, The (1962)"
103253,Elysium (2013)
3677,Baraka (1992)
1334,"Blob, The (1958)"
454,"Firm, The (1993)"
223,Clerks (1994)
6482,Dumb and Dumberer: When Harry Met Lloyd (2003)
1962,Driving Miss Daisy (1989)
95441,Ted (2012)
2572,10 Things I Hate About You (1999)
2357,Central Station (Central do Brasil) (1998)
52287,Meet the Robinsons (2007)
6349,Breakin' (1984)
1374,Star Trek II: The Wrath of Khan (1982)
5544,Time After Time (1979)
2797,Big (1988)
1663,Stripes (1981)
2734,"Mosquito Coast, The (1986)"
2096,Sleeping Beauty (1959)
1580,Men in Black (a.k.a. MIB) (1997)
2153,"Avengers, The (1998)"
3752,"Me, Myself & Irene (2000)"
2402,Rambo: First Blood Part II (1985)
4903,In the Bedroom (2001)
889,1-900 (06) (1994)
5293,Changing Lanes (2002)
8880,Mask (1985)
953,It's a Wonderful Life (1946)
7139,In America (2002)
994,Big Night (1996)
330,Tales from the Hood (1995)
2065,"Purple Rose of Cairo, The (1985)"
327,Tank Girl (1995)
798,Daylight (1996)
90374,Martha Marcy May Marlene (2011)
5507,xXx (2002)
1805,Wild Things (1998)
1927,All Quiet on the Western Front (1930)
124851,Delirium (2014)
6385,Whale Rider (2002)
85774,Senna (2010)
1029,Dumbo (1941)
6383,"2 Fast 2 Furious (Fast and the Furious 2, The) (2003)"
3033,Spaceballs (1987)
103141,Monsters University (2013)
110102,Captain America: The Winter Soldier (2014)
2841,Stir of Echoes (1999)
1196,Star Wars: Episode V - The Empire Strikes Back (1980)
8984,Ocean's Twelve (2004)
1120,"People vs. Larry Flynt, The (1996)"
1252,Chinatown (1974)
5103,"Sandlot, The (1993)"
3751,Chicken Run (2000)
2692,Run Lola Run (Lola rennt) (1998)
4992,Kate & Leopold (2001)
2125,Ever After: A Cinderella Story (1998)
116797,The Imitation Game (2014)
1004,"Glimmer Man, The (1996)"
6281,Phone Booth (2002)
5764,Looker (1981)
5812,Far from Heaven (2002)
3972,"Legend of Drunken Master, The (Jui kuen II) (1994)"
4187,Lilies of the Field (1963)
2803,"Pelican Brief, The (1993)"
533,"Shadow, The (1994)"
535,Short Cuts (1993)
187,Party Girl (1995)
1942,All the King's Men (1949)
3159,Fantasia 2000 (1999)
2804,"Christmas Story, A (1983)"
4994,"Majestic, The (2001)"
3707,9 1/2 Weeks (Nine 1/2 Weeks) (1986)
1945,On the Waterfront (1954)
2294,Antz (1998)
2805,Mickey Blue Eyes (1999)
86781,Incendies (2010)
3101,Fatal Attraction (1987)
5294,Frailty (2001)
2324,Life Is Beautiful (La Vita è bella) (1997)
343,"Baby-Sitters Club, The (1995)"
4327,"Magnificent Seven, The (1960)"
1480,Smilla's Sense of Snow (1997)
4017,Pollock (2000)
3408,Erin Brockovich (2000)
413,Airheads (1994)
1185,My Left Foot (1989)
2054,"Honey, I Shrunk the Kids (1989)"
95067,"Thousand Words, A (2012)"
55620,For the Bible Tells Me So (2007)
7444,13 Going on 30 (2004)
2867,Fright Night (1985)
3536,Keeping the Faith (2000)
2548,"Rage: Carrie 2, The (1999)"
3884,"Crew, The (2000)"
4366,Atlantis: The Lost Empire (2001)
82169,"Chronicles of Narnia: The Voyage of the Dawn Treader, The (2010)"
1611,My Own Private Idaho (1991)
1370,Die Hard 2 (1990)
4812,SpaceCamp (1986)
1147,When We Were Kings (1996)
1990,Prom Night IV: Deliver Us From Evil (1992)
1161,"Tin Drum, The (Blechtrommel, Die) (1979)"
67087,"I Love You, Man (2009)"
6125,"Secret Policeman's Other Ball, The (1982)"
900,"American in Paris, An (1951)"
49910,Freedom Writers (2007)
6327,"Decade Under the Influence, A (2003)"
1151,Lesson Faust (1994)
1247,"Graduate, The (1967)"
435,Coneheads (1993)
5679,"Ring, The (2002)"
85342,Elite Squad: The Enemy Within (Tropa de Elite 2 - O Inimigo Agora É Outro) (2010)
1394,Raising Arizona (1987)
8738,"Woman Is a Woman, A (femme est une femme, Une) (1961)"
163,Desperado (1995)
842,Tales from the Crypt Presents: Bordello of Blood (1996)
4881,"Man Who Wasn't There, The (2001)"
2105,Tron (1982)
407,In the Mouth of Madness (1995)
3753,"Patriot, The (2000)"
265,Like Water for Chocolate (Como agua para chocolate) (1992)
93510,21 Jump Street (2012)
2109,"Jerk, The (1979)"
56367,Juno (2007)
6461,"Unforgiven, The (1960)"
1537,Shall We Dance? (Shall We Dansu?) (1996)
2140,"Dark Crystal, The (1982)"
2080,Lady and the Tramp (1955)
595,Beauty and the Beast (1991)
903,Vertigo (1958)
1438,Dante's Peak (1997)
1939,"Best Years of Our Lives, The (1946)"
4886,"Monsters, Inc. (2001)"
3146,Deuce Bigalow: Male Gigolo (1999)
1513,Romy and Michele's High School Reunion (1997)
103606,Stuck in Love (2012)
68269,"Young Victoria, The (2009)"
8361,"Day After Tomorrow, The (2004)"
4466,Above the Law (1988)
434,Cliffhanger (1993)
55052,Atonement (2007)
3466,Heart and Souls (1993)
96610,Looper (2012)
3102,Jagged Edge (1985)
3469,Inherit the Wind (1960)
51037,Unknown (2006)
914,My Fair Lady (1964)
4412,"Thing with Two Heads, The (1972)"
501,Naked (1993)
5312,Murder by Numbers (2002)
2699,Arachnophobia (1990)
171,Jeffrey (1995)
3793,X-Men (2000)
3061,Holiday Inn (1942)
1350,"Omen, The (1976)"
111659,Maleficent (2014)
40148,Revolver (2005)
3623,Mission: Impossible II (2000)
4789,Phantom of the Paradise (1974)
26078,Advise and Consent (1962)
2490,Payback (1999)
55908,"Man from Earth, The (2007)"
1034,Freeway (1996)
548,Terminal Velocity (1994)
2506,"Other Sister, The (1999)"
95510,"Amazing Spider-Man, The (2012)"
2568,"Mod Squad, The (1999)"
54372,Tell No One (Ne le dis à personne) (2006)
1192,Paris Is Burning (1990)
1206,"Clockwork Orange, A (1971)"
2361,Pink Flamingos (1972)
2455,"Fly, The (1986)"
2573,Tango (1998)
1405,Beavis and Butt-Head Do America (1996)
353,"Crow, The (1994)"
3052,Dogma (1999)
344,Ace Ventura: Pet Detective (1994)
1042,That Thing You Do! (1996)
1971,"Nightmare on Elm Street 4: The Dream Master, A (1988)"
27751,'Salem's Lot (2004)
2722,Deep Blue Sea (1999)
436,Color of Night (1994)
2901,Phantasm (1979)
3104,Midnight Run (1988)
51255,Hot Fuzz (2007)
1416,Evita (1996)
2424,You've Got Mail (1998)
5993,Max (2002)
217,"Babysitter, The (1995)"
1748,Dark City (1998)
4027,"O Brother, Where Art Thou? (2000)"
87232,X-Men: First Class (2011)
4947,"Gauntlet, The (1977)"
125916,Fifty Shades of Grey (2015)
4238,Along Came a Spider (2001)
2078,"Jungle Book, The (1967)"
2702,Summer of Sam (1999)
2526,Meteor (1979)
1722,Tomorrow Never Dies (1997)
1760,Spice World (1997)
2890,Three Kings (1999)
104374,About Time (2013)
6410,Car Wash (1976)
2641,Superman II (1980)
112175,How to Train Your Dragon 2 (2014)
47629,The Queen (2006)
608,Fargo (1996)
5309,Three Men and a Little Lady (1990)
2262,About Last Night... (1986)
849,Escape from L.A. (1996)
2772,Detroit Rock City (1999)
2249,My Blue Heaven (1990)
2347,"Pope of Greenwich Village, The (1984)"
1584,Contact (1997)
91658,"Girl with the Dragon Tattoo, The (2011)"
106072,Thor: The Dark World (2013)
5445,Minority Report (2002)
4214,Revenge of the Nerds (1984)
1518,Breakdown (1997)
55094,In the Valley of Elah (2007)
3142,U2: Rattle and Hum (1988)
58559,"Dark Knight, The (2008)"
1784,As Good as It Gets (1997)
2459,"Texas Chainsaw Massacre, The (1974)"
2723,Mystery Men (1999)
6049,Ethan Frome (1993)
329,Star Trek: Generations (1994)
3359,Breaking Away (1979)
1097,E.T. the Extra-Terrestrial (1982)
2924,Drunken Master (Jui kuen) (1978)
103335,Despicable Me 2 (2013)
2761,"Iron Giant, The (1999)"
2676,Instinct (1999)
984,"Pompatus of Love, The (1996)"
2355,"Bug's Life, A (1998)"
2690,"Ideal Husband, An (1999)"
586,Home Alone (1990)
99,Heidi Fleiss: Hollywood Madam (1995)
427,Boxing Helena (1993)
1207,To Kill a Mockingbird (1962)
3994,Unbreakable (2000)
3261,Singles (1992)
5577,Igby Goes Down (2002)
53993,Evan Almighty (2007)
1833,Mercury Rising (1998)
93272,Dr. Seuss' The Lorax (2012)
2001,Lethal Weapon 2 (1989)
2791,Airplane! (1980)
4890,Shallow Hal (2001)
5127,Dragonfly (2002)
1719,"Sweet Hereafter, The (1997)"
3702,Mad Max (1979)
2378,Police Academy (1984)
3285,"Beach, The (2000)"
912,Casablanca (1942)
6662,"Pink Panther, The (1963)"
4191,Alfie (1966)
1620,Kiss the Girls (1997)
2421,"Karate Kid, Part II, The (1986)"
81591,Black Swan (2010)
3745,Titan A.E. (2000)
96588,Pitch Perfect (2012)
1863,Major League: Back to the Minors (1998)
361,It Could Happen to You (1994)
2967,"Bad Seed, The (1956)"
6006,Just Married (2003)
1363,"Preacher's Wife, The (1996)"
3915,Girlfight (2000)
3328,Ghost Dog: The Way of the Samurai (1999)
5746,Galaxy of Terror (Quest) (1981)
1633,Ulee's Gold (1997)
5065,"Mothman Prophecies, The (2002)"
3957,Billy Jack (1971)
91976,"Grey, The (2012)"
55768,Bee Movie (2007)
78499,Toy Story 3 (2010)
161,Crimson Tide (1995)
83177,Yogi Bear (2010)
3744,Shaft (2000)
2428,"Faculty, The (1998)"
4863,Female Trouble (1975)
2706,American Pie (1999)
1684,Mrs. Dalloway (1997)
116,Anne Frank Remembered (1995)
1125,"Return of the Pink Panther, The (1975)"
2629,"Love Letter, The (1999)"
2826,"13th Warrior, The (1999)"
2527,Westworld (1973)
158,Casper (1995)
1090,Platoon (1986)
2987,Who Framed Roger Rabbit? (1988)
2642,Superman III (1983)
1131,Jean de Florette (1986)
2053,"Honey, I Blew Up the Kid (1992)"
89582,Cold Fish (Tsumetai nettaigyo) (2010)
2002,Lethal Weapon 3 (1992)
5404,84 Charing Cross Road (1987)
2917,Body Heat (1981)
